Sample,Depth below surface (m).x,Water (%)#,Environmental dose rate (Gy/kyr),...5,...6,...7,De value (Gy)$,Number of grains*,OD (%)&,osl_age.x,other1,osl_error.x,other2,Depth below surface (m).y,Water (%),EDR_Beta,EDR_Gamma,EDR_Cosmic,EDR_total,De value (Gy),Number of grains,OD (%),Age (ka),Sample.y,upper,lower,Elevation,Easting,Northing,year,X,Y,Xnew,Ynew,Xnew_flipped,Description,type,square,spit,cnr,find,findn,depth_below_ground_surface,total_station_depth_below_surf,osl_age.y,osl_error.y,osl_age,osl_error
NA,NA,NA,Beta,Gamma,Cosmic,Total,NA,NA,NA,NA,NA,NA,NA,NA,NA,NA,NA,NA,NA,NA,NA,NA,NA,NA,NA,NA,NA,NA,NA,NA,NA,NA,NA,NA,NA,NA,NA,NA,NA,NA,NA,NA,NA,NA,NA,NA,NA,NA
SW7C,2.89,1.2,0.23 ± 0.02,0.37 ± 0.02,6.9000000000000006E-2,0.70 ± 0.03,55.4 ± 1.2,116/500 (99),23 ± 2,79.0,±,4.3,(3.3),-2.89,1.2,0.23 ± 0.02,0.27 ± 0.02,0.069,0.61 ± 0.03,55.4 ± 1.2,116/500 (99),23 ± 2,91.2 ± 5.3,NA,NA,NA,97.803323,4997.350492,5012.277244,2015,-1.838310939366238,-0.12719065911369398,-1.1855047782053136,-1.4107242800815922,1.1855047782053136,OSL_B5_SW_7C,OSL,B5,SW,,,,2.889889999999994,-2.88988999999999,91.2,5.3,79,4.3
SW14A,2.75,<1,0.22 ± 0.02,0.26 ± 0.01,6.0999999999999999E-2,0.57 ± 0.03,46.8 ± 0.9,166/500 (150),21 ± 2,81.6,±,4.6,(3.7),-2.75,<1,0.22 ± 0.02,0.26 ± 0.01,0.061,0.57 ± 0.03,46.8 ± 0.9,166/500 (150),21 ± 2,81.6 ± 4.6,NA,NA,NA,NA,NA,NA,NA,NA,NA,NA,NA,NA,NA,NA,NA,NA,NA,NA,NA,NA,-2.75,81.6,4.6,81.6,4.6
SW6C,2.74,<1,0.27 ± 0.02,0.27 ± 0.02,7.0000000000000007E-2,0.64 ± 0.03,49.8 ± 1.3,136/500 (116),24 ± 2,77.6,±,4.5,(3.7),-2.74,<1,0.27 ± 0.02,0.27 ± 0.02,0.070,0.64 ± 0.03,49.8 ± 1.3,136/500 (116),24 ± 2,77.6 ± 4.5,NA,NA,NA,97.949321,4997.331514,5012.248609,2015,-1.8572889393653895,-0.15582565911336133,-1.178089709576837,-1.444267453249671,1.178089709576837,OSL_B5_SW_6C,OSL,B5,SW,,,,2.7438920000000024,-2.743892,77.6,4.5,77.6,4.5
SW8C,2.71,<1,0.39 ± 0.02,0.39 ± 0.02,7.9000000000000001E-2,0.90 ± 0.04,63.2 ± 1.7,92/500 (78),19 ± 2,70.4,±,3.7,(2.9),-2.71,<1,0.39 ± 0.02,0.39 ± 0.02,0.079,0.90 ± 0.04,63.2 ± 1.7,92/500 (78),19 ± 2,70.4 ± 3.7,NA,NA,NA,97.979646,4996.739601,5013.049687,2015,-2.4492019393655937,0.6452523408861452,-2.1655143181858065,-1.31357849439746,2.1655143181858065,OSL_B6_SW_8C,OSL,B6,SW,,,,2.7135669999999976,-2.713567,70.4,3.7,70.4,3.7
SW5C,2.62,<1,0.26 ± 0.02,0.31 ± 0.02,7.0999999999999994E-2,0.67 ± 0.03,48.5 ± 1.1,149/500 (130),24 ± 2,72.7,±,4.1,(3.3),-2.62,<1,0.26 ± 0.02,0.31 ± 0.02,0.071,0.67 ± 0.03,48.5 ± 1.1,149/500 (130),24 ± 2,72.7 ± 4.1,NA,NA,NA,98.068781,4997.304095,5012.262343,2015,-1.8847079393653985,-0.14209165911324817,-1.2070159602543908,-1.4544505931752005,1.2070159602543908,OSL_B5_SW_5C,OSL,B5,SW,,,,2.6244319999999988,-2.624432,72.7,4.1,72.7,4.1
SW4C,2.54,<1,0.31 ± 0.02,0.31 ± 0.01,7.0999999999999994E-2,0.70 ± 0.03,44.1 ± 1.2,112/500 (100),25 ± 2,62.7,±,3.5,(2.7),-2.54,<1,0.31 ± 0.02,0.34 ± 0.02,0.071,0.75 ± 0.03,44.1 ± 1.2,112/500 (100),25 ± 2,59.2 ± 3.3,NA,NA,NA,98.152646,4997.292949,5012.261517,2015,-1.895853939366134,-0.14291765911366383,-1.214164447776659,-1.4630421424045923,1.214164447776659,OSL_B5_SW_4C,OSL,B5,SW,,,,2.540566999999996,-2.540567,59.2,3.3,62.7,3.5
KTL162,2.52,—,0.25 ± 0.04,0.31 ± 0.05,6.3E-2,0.66 ± 0.09,41.2 ± 0.6,282/1000 (226),18 ± 1,62.3,±,8.7,NA,NA,NA,NA,NA,NA,NA,NA,NA,NA,NA,NA,NA,NA,NA,NA,NA,NA,NA,NA,NA,NA,NA,NA,NA,NA,NA,NA,NA,NA,NA,-2.52,NA,NA,62.3,8.7
SW3C,2.5,<1,0.34 ± 0.02,0.30 ± 0.01,7.1999999999999995E-2,0.74 ± 0.03,47.1 ± 1.0,142/500 (116),19 ± 2,64.0,±,3.5,(2.5),-2.50,<1,0.34 ± 0.02,0.35 ± 0.02,0.072,0.79 ± 0.03,47.1 ± 1.0,142/500 (116),19 ± 2,60.0 ± 3.2,NA,NA,NA,98.19306,4997.394823,5012.195859,2015,-1.7939799393661815,-0.20857565911319398,-1.096166408334255,-1.435369998872197,1.096166408334255,OSL_B5_SW_3C,OSL,B5,SW,,,,2.5001529999999974,-2.500153,60,3.2,64,3.5
NW14,2.5,2.7,0.23 ± 0.02,0.31 ±0.01,6.4000000000000001E-2,0.64 ± 0.03,40.3 ± 1.0,131/400 (108),22 ± 2,62.8,±,3.5,(2.7),-2.50,2.7,0.23 ± 0.02,0.27 ±0.01,0.064,0.59 ± 0.03,40.3 ± 1.0,131/400 (108),22 ± 2,67.8 ± 3.9,NA,NA,NA,98.194763,4998.987217,5012.690446,2012,-0.20158593936594116,0.2860113408860343,-0.34577270099494073,0.05367138261810986,0.34577270099494073,OSL_NW14,OSL,NW14,NA,NA,,,2.4984500000000054,-2.49845000000001,67.8,3.9,62.8,3.5
SW13A,2.45,<1,0.25 ± 0.02,0.31 ± 0.01,6.3E-2,0.64 ± 0.03,39.8 ± 0.9,133/500 (114),21 ± 2,62.6,±,3.3,(2.6),-2.45,<1,0.25 ± 0.02,0.28 ± 0.01,0.063,0.62 ± 0.03,39.8 ± 0.9,136/500 (114),21 ± 2,64.5 ± 3.5,NA,NA,NA,98.247165,4997.975182,5011.434869,2015,-1.2136209393656827,-0.9695656591138686,-0.14560477645249992,-1.54652274502316,0.14560477645249992,OSL_SW_13A,OSL,SW,13A,NA,,,2.4460480000000047,-2.4460480000000002,64.5,3.5,62.6,3.3
KTL158,2.44,—,0.27 ± 0.04,0.32 ± 0.04,6.4000000000000001E-2,0.68 ± 0.08,40.0 ± 0.7,229/700 (181),23 ± 1,58.6,±,7.2,NA,NA,NA,NA,NA,NA,NA,NA,NA,NA,NA,NA,NA,NA,NA,NA,NA,NA,NA,NA,NA,NA,NA,NA,NA,NA,NA,NA,NA,NA,NA,-2.44,NA,NA,58.6,7.2
SW2C,2.39,<1,0.30 ± 0.02,0.32 ± 0.01,7.2999999999999995E-2,0.72 ± 0.03,47.0 ± 0.9,169/500 (145),20 ± 2,64.9,±,3.3,(2.3),-2.39,<1,0.30 ± 0.02,0.28 ± 0.02,0.073,0.68 ± 0.03,47.0 ± 0.9,169/500 (145),20 ± 2,68.8 ± 3.6,NA,NA,NA,98.306641,4997.367085,5012.206063,2015,-1.8217179393659535,-0.1983716591139455,-1.1227749855360032,-1.448234752242185,1.1227749855360032,OSL_B5_SW_2C,OSL,B5,SW,,,,2.386572000000001,-2.386572,68.8,3.6,64.9,3.3
NW13,2.37,4,0.26 ± 0.02,0.33 ± 0.01,6.8000000000000005E-2,0.69 ± 0.03,40.2 ± 0.9,183/500 (163),25 ± 2,58.2,±,3.1,(2.4),-2.37,4.0,0.26 ± 0.02,0.30 ± 0.01,0.068,0.67 ± 0.03,40.2 ± 0.9,183/500 (163),25 ± 2,60.3 ± 3.2,NA,NA,NA,98.319534,4998.975012,5012.636439,2012,-0.21379093936593563,0.23200434088630573,-0.31540162180969467,0.007375425741790065,0.31540162180969467,OSL_NW13,OSL,NW13,NA,NA,,,2.3736789999999957,-2.373679,60.3,3.2,58.2,3.1
NW12,2.29,<1,0.27 ± 0.02,0.33 ± 0.01,6.9000000000000006E-2,0.70 ± 0.03,38.7 ± 0.7,152/400 (128),20 ± 2,55.5,±,2.9,(2.2),-2.29,<1,0.27 ± 0.02,0.31 ± 0.01,0.069,0.68 ± 0.03,38.7 ± 0.7,152/400 (128),20 ± 2,56.9 ± 3.0,NA,NA,NA,98.400802,4998.983589,5012.68712,2012,-0.20521393936542154,0.2826853408860188,-0.34590039738666756,0.04875118408269763,0.34590039738666756,OSL_NW12,OSL,NW12,NA,NA,,,2.2924110000000013,-2.292411,56.9,3,55.5,2.9
SW11A,2.28,<1,0.28 ± 0.02,0.35 ± 0.02,6.4000000000000001E-2,0.73 ± 0.03,46.0 ± 1.0,156/500 (121),16 ± 2,63.4,±,3.3,(2.6),-2.28,<1,0.28 ± 0.02,0.35 ± 0.01,0.064,0.73 ± 0.03,46.4 ± 1.0,99/400 (77),16 ± 2,63.8 ± 3.3,NA,NA,NA,NA,NA,NA,NA,NA,NA,NA,NA,NA,NA,NA,NA,NA,NA,NA,NA,NA,-2.28,63.8,3.3,63.4,3.3
NA,NA,NA,NA,NA,NA,NA,38.3 ± 0.7†,NA,16 ± 2,51.7,±,2.6,(2.0),NA,NA,NA,NA,NA,NA,NA,NA,NA,NA,NA,NA,NA,NA,NA,NA,NA,NA,NA,NA,NA,NA,NA,NA,NA,NA,NA,NA,NA,NA,NA,NA,NA,51.7,2.6
KTL164,2.28,—,0.32 ± 0.03,0.38 ± 0.03,6.6000000000000003E-2,0.80 ± 0.06,42.1 ± 0.6,280/900 (240),21 ± 1,52.6,±,4.4,NA,NA,NA,NA,NA,NA,NA,NA,NA,NA,NA,NA,NA,NA,NA,NA,NA,NA,NA,NA,NA,NA,NA,NA,NA,NA,NA,NA,NA,NA,NA,-2.28,NA,NA,52.6,4.4
NW11,2.2,<1,0.29 ± 0.02,0.35 ± 0.02,7.1999999999999995E-2,0.74 ± 0.03,38.8 ± 0.8,126/500 (101),17 ± 2,52.6,±,2.7,(2.0),-2.20,<1,0.29 ± 0.02,0.32 ± 0.01,0.072,0.72 ± 0.03,38.8 ± 0.8,126/500 (101),17 ± 2,54.2 ± 2.8,NA,NA,NA,98.497835,4999.013998,5012.719977,2012,-0.17480493936545827,0.31554234088616795,-0.3484118788192397,0.09344997814944411,0.3484118788192397,OSL_NW11,OSL,NW11,NA,NA,,,2.195378000000005,-2.19537800000001,54.2,2.8,52.6,2.7
SW10A,2.16,<1,0.32 ± 0.02,0.32 ± 0.01,6.5000000000000002E-2,0.73 ± 0.03,40.3 ± 0.6,191/500 (160),18 ± 1,55.3,±,2.6,(1.9),-2.16,<1,0.32 ± 0.02,0.31 ± 0.01,0.065,0.72 ± 0.03,40.3 ± 0.6,191/500 (160),18 ± 1,55.7 ± 2.6,NA,NA,NA,NA,NA,NA,NA,NA,NA,NA,NA,NA,NA,NA,NA,NA,NA,NA,NA,NA,-2.16,55.7,2.6,55.3,2.6
NW9B,2.1,<1,0.25 ± 0.02,0.35 ± 0.02,7.4999999999999997E-2,0.71 ± 0.03,40.0 ± 0.7,182/500 (151),29 ± 1,56.7,±,3.0,(2.3),-2.10,<1,0.25 ± 0.02,0.35 ± 0.02,0.075,0.71 ± 0.03,40.0 ± 0.7,182/500 (151),29 ± 1,56.7 ± 3.0,NA,NA,NA,98.592755,4997.504586,5011.967225,2015,-1.6842169393657969,-0.4372096591132504,-0.8554530857066291,-1.5152356262389104,0.8554530857066291,OSL_NW_9B,OSL,NW,9B,NA,,,2.1004580000000033,-2.100458,56.7,3,56.7,3
NW15,2.07,<1,0.31 ± 0.03,0.35 ± 0.02,7.0999999999999994E-2,0.76 ± 0.03,36.8 ± 0.6,213/500 (175),20 ± 1,48.4,±,2.5,(1.9),-2.07,<1,0.31 ± 0.03,0.32 ± 0.01,0.071,0.73 ± 0.03,36.8 ± 0.6,213/500 (175),20 ± 1,50.3 ± 2.6,NA,NA,NA,98.626363,4998.974963,5012.687379,2012,-0.21383993936615298,0.2829443408863881,-0.35207882949930824,0.04272607548265567,0.35207882949930824,OSL_NW15,OSL,NW15,NA,NA,,,2.0668500000000023,-2.06685,50.3,2.6,48.4,2.5
SW9A,2.03,<1,0.30 ± 0.02,0.33 ± 0.01,6.6000000000000003E-2,0.73 ± 0.03,37.9 ± 0.7,195/500 (164),21 ± 1,51.9,±,2.6,(2.0),-2.03,<1,0.30 ± 0.02,0.33 ± 0.01,0.066,0.73 ± 0.03,37.9 ± 0.7,195/500 (164),21 ± 1,51.9 ± 2.6,NA,NA,NA,NA,NA,NA,NA,NA,NA,NA,NA,NA,NA,NA,NA,NA,NA,NA,NA,NA,-2.03,51.9,2.6,51.9,2.6
NE1B,2.02,1.1000000000000001,0.26 ± 0.02,0.36 ± 0.02,8.5000000000000006E-2,0.73 ± 0.03,38.7 ± 0.8,206/500 (176),24 ± 2,53.0,±,2.6,(1.9),-2.02,1.1,0.26 ± 0.02,0.36 ± 0.02,0.085,0.73 ± 0.03,38.7 ± 0.8,206/500 (176),24 ± 2,53.0 ± 2.6,NA,NA,NA,NA,NA,NA,NA,NA,NA,NA,NA,NA,NA,NA,NA,NA,NA,NA,NA,NA,-2.02,53,2.6,53,2.6
NW10,1.95,<1,0.30 ± 0.02,0.36 ± 0.02,7.3999999999999996E-2,0.77 ± 0.03,33.5 ± 0.5,227/500 (196),21 ± 1,43.8,±,2.1,(1.6),-1.95,<1,0.30 ± 0.02,0.32 ± 0.01,0.074,0.72 ± 0.03,33.5 ± 0.5,227/500 (196),21 ± 1,46.4 ± 2.3,NA,NA,NA,98.739669,4998.993218,5012.737814,2012,-0.19558493936619925,0.3333793408864949,-0.3756777437767681,0.09089271845197819,0.3756777437767681,OSL_NW10,OSL,NW10,NA,NA,,,1.9535439999999937,-1.95354399999999,46.4,2.3,43.8,2.1
NW8B,1.94,<1,0.29 ± 0.02,0.34 ± 0.01,7.5999999999999998E-2,0.74 ± 0.03,34.3 ± 0.6,226/500 (194),22 ± 1,46.3,±,2.3,(1.8),-1.94,<1,0.29 ± 0.02,0.34 ± 0.02,0.076,0.74 ± 0.03,34.3 ± 0.6,226/500 (194),22 ± 1,46.3 ± 2.3,NA,NA,NA,98.750619,4997.514181,5011.97652,2015,-1.6746219393662614,-0.4279146591134122,-0.8554741020864292,-1.5018767113016913,0.8554741020864292,OSL_NW_8B,OSL,NW,8B,NA,,,1.9425939999999997,-1.942594,46.3,2.3,46.3,2.3
SW8A,1.81,<1,0.28 ± 0.02,0.33 ± 0.01,6.7000000000000004E-2,0.71 ± 0.03,30.4 ± 0.6,194/500 (166),23 ± 1,42.8,±,2.1,(1.6),-1.81,<1,0.28 ± 0.02,0.37 ± 0.01,0.067,0.75 ± 0.03,30.4 ± 0.6,194/500 (166),23 ± 1,40.8 ± 2.0,NA,NA,NA,NA,NA,NA,NA,NA,NA,NA,NA,NA,NA,NA,NA,NA,NA,NA,NA,NA,-1.81,40.8,2,42.8,2.1
NW9,1.75,<1,0.29 ± 0.02,0.36 ± 0.02,7.5999999999999998E-2,0.76 ± 0.03,27.7 ± 0.5,263/500 (214),24 ± 1,36.5,±,1.8,(1.3),-1.75,<1,0.29 ± 0.02,0.30 ± 0.01,0.076,0.70 ± 0.03,27.7 ± 0.5,263/500 (214),24 ± 1,39.4 ± 2.0,NA,NA,NA,98.945075,4999.005123,5012.770598,2012,-0.1836799393659021,0.3661633408864873,-0.3909906718905442,0.12223013879234604,0.3909906718905442,OSL_NW9,OSL,NW9,NA,NA,,,1.7481379999999973,-1.748138,39.4,2,36.5,1.8
SW7B,1.69,<1,0.24 ± 0.02,0.34 ± 0.01,7.9000000000000001E-2,0.70 ± 0.03,27.4 ± 0.5,252/500 (208),26 ± 1,39.3,±,2.1,(1.6),-1.69,<1,0.24 ± 0.02,0.34 ± 0.02,0.079,0.70 ± 0.03,27.4 ± 0.5,252/500 (208),26 ± 1,39.3 ± 2.1,NA,NA,NA,99.006843,4997.316948,5012.289003,2015,-1.8718549393661306,-0.11543165911371034,-1.217265115296086,-1.4266853265658586,1.217265115296086,OSL_SW_7B,OSL,SW,7B,NA,,,1.6863699999999966,-1.68637,39.3,2.1,39.3,2.1
SW7A,1.61,<1,0.32 ± 0.02,0.33 ± 0.02,6.9000000000000006E-2,0.75 ± 0.03,25.1 ± 0.5,196/400 (165),26 ± 1,33.5,±,1.6,(1.2),-1.61,<1,0.32 ± 0.02,0.33 ± 0.01,0.069,0.75 ± 0.03,25.1 ± 0.5,196/400 (165),26 ± 1,33.5 ± 1.6,NA,NA,NA,NA,NA,NA,NA,NA,NA,NA,NA,NA,NA,NA,NA,NA,NA,NA,NA,NA,-1.61,33.5,1.6,33.5,1.6
NW8,1.53,4.7,0.33 ± 0.02,0.38 ± 0.02,7.8E-2,0.82 ± 0.03,23.2 ± 0.4,225/500 (187),21 ± 1,28.1,±,1.4,(1.1),-1.53,4.7,0.33 ± 0.02,0.31 ± 0.01,0.078,0.75 ± 0.03,23.2 ± 0.4,225/500 (187),21 ± 1,31.0 ± 1.6,NA,NA,NA,99.159538,4998.944157,5012.707351,2012,-0.24464593936590973,0.3029163408864406,-0.38784512975190044,0.03443981056844175,0.38784512975190044,OSL_NW8,OSL,NW8,NA,NA,,,1.5336750000000023,-1.533675,31,1.6,28.1,1.4
SW6B,1.47,<1,0.29 ± 0.03,0.37 ± 0.02,0.08,0.77 ± 0.04,23.4 ± 0.5,206/500 (171),24 ± 2,30.4,±,1.7,(1.4),-1.47,<1,0.29 ± 0.03,0.37 ± 0.02,0.080,0.77 ± 0.04,23.4 ± 0.5,206/500 (171),24 ± 2,30.4 ± 1.7,NA,NA,NA,99.225655,4997.334226,5012.233577,2015,-1.8545769393658702,-0.17085765911360795,-1.165392680197618,-1.4527587083364095,1.165392680197618,OSL_SW_6B,OSL,SW,6B,NA,,,1.4675579999999968,-1.467558,30.4,1.7,30.4,1.7
KTL165,1.47,—,0.39 ± 0.05,0.46 ± 0.05,7.0000000000000007E-2,0.95 ± 0.10,21.4 ± 0.6,142/300 (114),29 ± 2,22.5,±,2.6,NA,NA,NA,NA,NA,NA,NA,NA,NA,NA,NA,NA,NA,NA,NA,NA,NA,NA,NA,NA,NA,NA,NA,NA,NA,NA,NA,NA,NA,NA,NA,-1.47,NA,NA,22.5,2.6
SW6A,1.41,1.3,0.29 ± 0.02,0.37 ± 0.02,7.0000000000000007E-2,0.76 ± 0.03,20.8 ± 0.4,140/300 (113),21 ± 2,27.3,±,1.4,(1.1),-1.41,1.3,0.29 ± 0.02,0.37 ± 0.01,0.070,0.76 ± 0.03,20.8 ± 0.4,140/300 (113),21 ± 2,27.3 ± 1.4,NA,NA,NA,NA,NA,NA,NA,NA,NA,NA,NA,NA,NA,NA,NA,NA,NA,NA,NA,NA,-1.41,27.3,1.4,27.3,1.4
NW7,1.34,4.5999999999999996,0.33 ± 0.02,0.38 ± 0.02,7.9000000000000001E-2,0.82 ± 0.03,19.5 ± 0.3,221/500 (184),23 ± 1,23.8,±,1.1,(0.9),-1.34,4.6,0.26 ± 0.02,0.30 ± 0.01,0.079,0.67 ± 0.03,19.5 ± 0.3,221/500 (184),23 ± 1,29.1 ± 1.5,NA,NA,NA,99.356003,4998.975225,5012.703133,2012,-0.2135779393656776,0.29869834088640346,-0.36322930822046395,0.05385819047890808,0.36322930822046395,OSL_NW7,OSL,NW7,NA,NA,,,1.337209999999999,-1.33721,29.1,1.5,23.8,1.1
SW5B,1.25,<1,0.27 ± 0.02,0.37 ± 0.02,8.3000000000000004E-2,0.75 ± 0.03,17.3 ± 0.6,182/400 (166),42 ± 2,23.0,±,1.3,(1.0),-1.25,<1,0.27 ± 0.02,0.30 ± 0.01,0.083,0.68 ± 0.03,17.3 ± 0.6,182/400 (166),42 ± 2,25.5 ± 1.5,NA,NA,NA,99.441247,4997.338968,5012.222162,2015,-1.8498349393657918,-0.18227265911355062,-1.1538873463840225,-1.457277124301897,1.1538873463840225,OSL_SW_5B,OSL,SW,5B,NA,,,1.251965999999996,-1.251966,25.5,1.5,23,1.3
SW5A,1.22,2.5,0.31 ± 0.02,0.37 ± 0.02,7.1999999999999995E-2,0.79 ± 0.03,17.4 ± 0.4,163/400 (134),23 ± 2,22.0,±,1.1,(0.8),-1.22,2.5,0.31 ± 0.02,0.37 ± 0.01,0.072,0.78 ± 0.03,17.4 ± 0.4,163/400 (134),23 ± 2,22.3 ± 1.1,NA,NA,NA,NA,NA,NA,NA,NA,NA,NA,NA,NA,NA,NA,NA,NA,NA,NA,NA,NA,-1.22,22.3,1.1,22,1.1
NW6,1.16,<1,0.29 ± 0.02,0.37 ± 0.02,8.1000000000000003E-2,0.77 ± 0.03,16.3 ± 0.3,249/500 (201),23 ± 1,21.2,±,1.0,(0.7),-1.16,<1,0.29 ± 0.02,0.30 ± 0.01,0.081,0.72 ± 0.03,16.3 ± 0.3,249/500 (201),23 ± 1,22.7 ± 1.1,NA,NA,NA,99.537674,4998.992773,5012.711625,2012,-0.19602993936587154,0.30719034088633634,-0.35714807672021176,0.07238020417700239,0.35714807672021176,OSL_NW6,OSL,NW6,NA,NA,,,1.1555390000000045,-1.155539,22.7,1.1,21.2,1
SW4B,1.04,<1,0.25 ± 0.02,0.35 ± 0.02,8.5000000000000006E-2,0.72 ± 0.03,10.5 ± 0.3,144/300 (122),28 ± 2,14.7,±,0.8,(0.6),-1.04,<1,0.25 ± 0.02,0.28 ± 0.01,0.085,0.64 ± 0.03,10.5 ± 0.3,144/300 (122),28 ± 2,16.4 ± 0.9,NA,NA,NA,99.650174,4997.312304,5012.220947,2015,-1.8764989393657743,-0.18348765911377996,-1.1715357193163527,-1.477301610658381,1.1715357193163527,OSL_SW_4B,OSL,SW,4B,NA,,,1.0430389999999932,-1.04303899999999,16.4,0.9,14.7,0.8
SW4A,1.04,<1,0.22 ± 0.02,0.26 ± 0.01,7.2999999999999995E-2,0.58 ± 0.03,8.7 ± 0.2,177/400 (151),29 ± 2,14.9,±,0.9,(0.7),-1.04,<1,0.22 ± 0.02,0.26 ± 0.01,0.073,0.58 ± 0.03,8.7 ± 0.2,177/400 (151),29 ± 2,14.9 ± 0.9,NA,NA,NA,NA,NA,NA,NA,NA,NA,NA,NA,NA,NA,NA,NA,NA,NA,NA,NA,NA,-1.04,14.9,0.9,14.9,0.9
NW5,0.95,4.5,0.24 ± 0.02,0.36 ± 0.02,8.3000000000000004E-2,0.71 ± 0.03,9.2 ± 0.2,188/500 (156),32 ± 2,12.8,±,0.7,(0.5),-0.95,4.5,0.24 ± 0.02,0.30 ± 0.01,0.083,0.67 ± 0.03,9.2 ± 0.2,188/500 (156),32 ± 2,13.7 ± 0.8,NA,NA,NA,99.746618,4998.970345,5012.772463,2012,-0.2184579393660897,0.36802834088666714,-0.41649106942625846,0.09850847707706448,0.41649106942625846,OSL_NW5,OSL,NW5,NA,NA,,,0.9465950000000021,-0.946595000000002,13.7,0.8,12.8,0.7
SW3B,0.85,<1,0.28 ± 0.02,0.33 ± 0.01,8.6999999999999994E-2,0.73 ± 0.04,8.2 ± 0.2 (C),150/400 (121),21 ± 2,11.3,±,0.7,NA,-0.85,<1,0.28 ± 0.02,0.31 ± 0.01,0.087,0.70 ± 0.03,8.2 ± 0.2,150/400 (121),21 ± 2,11.7 ± 0.7,NA,NA,NA,99.842387,4997.374323,5012.198121,2015,-1.8144799393658104,-0.20631365911322064,-1.1120340515567535,-1.4485451475449127,1.1120340515567535,OSL_SW_3B,OSL,SW,3B,NA,,,0.8508259999999979,-0.850825999999998,11.7,0.7,11.3,0.7
NA,NA,NA,NA,NA,NA,NA,7.2 ± 0.2 (M),NA,NA,9.9,±,0.6,(0.5),NA,NA,NA,NA,NA,NA,NA,NA,NA,NA,NA,NA,NA,NA,NA,NA,NA,NA,NA,NA,NA,NA,NA,NA,NA,NA,NA,NA,NA,NA,NA,NA,NA,9.9,0.6
SW3A,0.85,1.1000000000000001,0.23 ± 0.02,0.33 ± 0.01,7.4999999999999997E-2,0.67 ± 0.03,7.6 ± 0.2 (C),113/300 (86),20 ± 2,11.2,±,0.6,NA,-0.85,1.1,0.23 ± 0.02,0.27 ± 0.01,0.075,0.61 ± 0.03,7.6 ± 0.2,113/300 (86),20 ± 2,12.3 ± 0.7,NA,NA,NA,NA,NA,NA,NA,NA,NA,NA,NA,NA,NA,NA,NA,NA,NA,NA,NA,NA,-0.85,12.3,0.7,11.2,0.6
NA,NA,NA,NA,NA,NA,NA,6.7 ± 0.2 (M),NA,NA,9.9,±,0.5,(0.4),NA,NA,NA,NA,NA,NA,NA,NA,NA,NA,NA,NA,NA,NA,NA,NA,NA,NA,NA,NA,NA,NA,NA,NA,NA,NA,NA,NA,NA,NA,NA,NA,NA,9.9,0.5
NW4,0.74,2.9,0.22 ± 0.02,0.26 ± 0.01,8.5000000000000006E-2,0.59 ± 0.03,5.1 ± 0.3,202/400 (176),27 ± 2,8.7,±,0.7,(0.6),-0.74,2.9,0.22 ± 0.02,0.24 ± 0.01,0.085,0.57 ± 0.03,7.0 ± 0.2,202/400 (176),27 ± 2,12.2 ± 0.7,NA,NA,NA,99.952457,4998.996126,5012.697102,2012,-0.19267693936581054,0.2926673408865099,-0.344371915283827,0.06470362701352633,0.344371915283827,OSL_NW4,OSL,NW4,NA,NA,,,0.7407560000000046,-0.740756000000005,12.2,0.7,8.7,0.7
SW2B,0.68,<1,0.28 ± 0.02,0.33 ± 0.01,8.7999999999999995E-2,0.73 ± 0.03,5.9 ± 0.2,191/400 (145),35 ± 2,8.1,±,0.4,(0.3),-0.68,<1,0.28 ± 0.02,0.33 ± 0.01,0.088,0.73 ± 0.03,7.2 ± 0.2,191/400 (145),35 ± 2,9.9 ± 0.5,NA,NA,NA,100.014348,4997.365926,5012.199182,2015,-1.8228769393654147,-0.2052526591132846,-1.1186303174213361,-1.453848411317059,1.1186303174213361,OSL_SW_2B,OSL,SW,2B,NA,,,0.6788650000000018,-0.678865000000002,9.9,0.5,8.1,0.4
SW2A,0.66,1.1000000000000001,0.23 ± 0.02,0.32 ± 0.01,7.5999999999999998E-2,0.66 ± 0.03,5.9 ± 0.1,165/400 (133),22 ± 2,8.9,±,0.5,(0.4),-0.66,1.1,0.23 ± 0.02,0.26 ± 0.01,0.076,0.60 ± 0.03,6.5 ± 0.1,165/400 (133),22 ± 2,10.8 ± 0.6,NA,NA,NA,NA,NA,NA,NA,NA,NA,NA,NA,NA,NA,NA,NA,NA,NA,NA,NA,NA,-0.66,10.8,0.6,8.9,0.5
NW3,0.54,3,0.24 ± 0.02,0.35 ± 0.01,8.6999999999999994E-2,0.71 ± 0.03,5.6 ± 0.1 (C),181/400 (150),28 ± 2,7.9,±,0.4,(0.3),-0.54,3.0,0.24 ± 0.02,0.27 ± 0.01,0.087,0.64 ± 0.03,5.6 ± 0.1,181/400 (150),28 ± 2,8.8 ± 0.5,NA,NA,NA,100.15561,4998.962033,5012.71364,2012,-0.2267699393660223,0.30920534088636487,-0.37995134472592895,0.051667435330978506,0.37995134472592895,OSL_NW3,OSL,NW3,NA,NA,,,0.5376030000000043,-0.537603000000004,8.8,0.5,7.9,0.4
NA,NA,NA,NA,NA,NA,NA,4.3 ± 0.2 (M),NA,NA,6.1,±,0.4,(0.3),NA,NA,NA,NA,NA,NA,NA,NA,NA,NA,NA,NA,NA,NA,NA,NA,NA,NA,NA,NA,NA,NA,NA,NA,NA,NA,NA,NA,NA,NA,NA,NA,NA,6.1,0.4
SW1B,0.49,<1,0.30 ± 0.02,0.36 ± 0.02,0.09,0.78 ± 0.03,5.0 ± 0.1,178/400 (144),33 ± 2,6.4,±,0.3,(0.3),-0.49,<1,0.30 ± 0.02,0.36 ± 0.02,0.090,0.78 ± 0.03,5.0 ± 0.1,178/400 (144),33 ± 2,6.4 ± 0.3,NA,NA,NA,100.202579,4997.403552,5012.186171,2015,-1.7852509393660512,-0.2182636591132905,-1.0831337714326776,-1.4358207320480212,1.0831337714326776,OSL_SW_1B,OSL,SW,1B,NA,,,0.490634,-0.490634,6.4,0.3,6.4,0.3
NW2,0.33,1.6,0.32 ± 0.02,0.35 ± 0.02,8.8999999999999996E-2,0.79 ± 0.03,4.4 ± 0.1 (C),129/400 (102),27 ± 2,5.5,±,0.3,NA,-0.33,1.6,0.32 ± 0.02,0.34 ± 0.01,0.089,0.78 ± 0.03,4.4 ± 0.1,129/400 (102),27 ± 2,5.6 ± 0.3,NA,NA,NA,100.359543,4998.965041,5012.749392,2012,-0.22376193936543132,0.3449573408861397,-0.4035796488887232,0.07866663551131597,0.4035796488887232,OSL_NW2,OSL,NW2,NA,NA,,,0.3336699999999979,-0.333669999999998,5.6,0.3,5.5,0.3
NA,NA,NA,NA,NA,NA,NA,3.3 ± 0.2 (M),NA,NA,4.1,±,0.3,(0.3),NA,NA,NA,NA,NA,NA,NA,NA,NA,NA,NA,NA,NA,NA,NA,NA,NA,NA,NA,NA,NA,NA,NA,NA,NA,NA,NA,NA,NA,NA,NA,NA,NA,4.1,0.3
NW1,0.19,4.4000000000000004,0.32 ± 0.02,0.38 ± 0.02,9.0999999999999998E-2,0.83 ± 0.03,2.4 ± 0.2 (M),96/400 (81),55 ± 5,2.9,±,0.2,(0.2),-0.19,4.4,0.32 ± 0.02,0.36 ± 0.02,0.091,0.80 ± 0.03,2.4 ± 0.2,96/400 (81),55 ± 5,3.0 ± 0.2,NA,NA,NA,100.507363,4998.94221,5012.697701,2012,-0.24659293936565518,0.2932663408864755,-0.38225600052576447,0.026335802702460415,0.38225600052576447,OSL_NW1,OSL,NW1,NA,NA,,,0.18585000000000207,-0.185850000000002,3,0.2,2.9,0.2
NE8,-2.4,1.1000000000000001,0.20 ± 0.02,0.31 ± 0.01,3.5000000000000003E-2,0.58 ± 0.03,45.7 ± 1.0,106/400 (84),16 ± 2,78.6,±,4.2,(3.4),-2.4,1.1,0.20 ± 0.02,0.23 ± 0.01,0.035,0.50 ± 0.02,45.7 ± 1.0,106/400 (84),16 ± 2,91.3 ± 5.2,NA,NA,NA,98.36981458002595,NA,NA,NA,NA,NA,NA,NA,-1.822198314869941,NA,NA,NA,NA,NA,NA,NA,NA,-2.3233984199740547,91.3,5.2,78.6,4.2
NE7,-2.1,<1,0.20 ± 0.02,0.31 ± 0.01,3.5999999999999997E-2,0.58 ± 0.03,39.2 ± 1.2,92/400 (77),24 ± 2,67.1,±,4.0,(3.4),-2.10,<1,0.20 ± 0.02,0.23 ± 0.01,0.036,0.50 ± 0.03,39.2 ± 1.2,92/400 (77),24 ± 2,77.7 ± 4.9,NA,NA,NA,98.55111234487916,NA,NA,NA,NA,NA,NA,NA,-1.822198314869941,NA,NA,NA,NA,NA,NA,NA,NA,-2.142100655120842,77.7,4.9,67.1,4
NE6,-1.8,3,0.25 ± 0.02,0.34 ± 0.01,3.6999999999999998E-2,0.66 ± 0.03,35.2 ± 0.5,251/400 (212),20 ± 1,53.6,±,2.6,(2.0),-1.80,3.0,0.25 ± 0.02,0.25 ± 0.01,0.037,0.57 ± 0.03,35.2 ± 0.5,251/400 (212),20 ± 1,62.2 ± 3.2,NA,NA,NA,98.82305899215898,NA,NA,NA,NA,NA,NA,NA,-1.813565087972169,NA,NA,NA,NA,NA,NA,NA,NA,-1.8701540078410233,62.2,3.2,53.6,2.6
NE5,-1.5,<1,0.20 ± 0.02,0.33 ± 0.01,3.9E-2,0.60 ± 0.03,24.9 ± 0.4,214/400 (182),21 ± 1,41.6,±,2.3,(1.7),-1.50,<1,0.20 ± 0.02,0.25 ± 0.01,0.039,0.52 ± 0.03,24.9 ± 0.4,214/400 (182),21 ± 1,48.0 ± 2.6,NA,NA,NA,99.09932225288767,NA,NA,NA,NA,NA,NA,NA,-1.817881701421054,NA,NA,NA,NA,NA,NA,NA,NA,-1.5938907471123258,48,2.6,41.6,2.3
NE4,-1.2,<1,0.27 ± 0.02,0.33 ± 0.01,0.04,0.67 ± 0.03,20.5 ± 0.5,196/400 (173),32 ± 2,30.4,±,1.6,(1.4),-1.2,<1,0.27 ± 0.02,0.26 ± 0.01,0.040,0.60 ± 0.03,20.5 ± 0.5,196/400 (173),32 ± 2,34.4 ± 1.9,NA,NA,NA,99.40580180775859,NA,NA,NA,NA,NA,NA,NA,-1.796298634176625,NA,NA,NA,NA,NA,NA,NA,NA,-1.2874111922414073,34.4,1.9,30.4,1.6
NE3,-0.9,<1,0.28 ± 0.02,0.34 ± 0.01,4.1000000000000002E-2,0.69 ± 0.03,11.2 ± 0.4,174/400 (152),42 ± 3,16.1,±,0.9,(0.8),-0.90,<1,0.28 ± 0.02,0.26 ± 0.01,0.041,0.62 ± 0.03,11.2 ± 0.4,174/400 (152),42 ± 3,18.1 ± 1.1,NA,NA,NA,99.7122813626295,NA,NA,NA,NA,NA,NA,NA,-1.783348793829966,NA,NA,NA,NA,NA,NA,NA,NA,-0.980931637370503,18.1,1.1,16.1,0.9
NE2,-0.6,<1,0.28 ± 0.02,0.35 ± 0.02,4.2999999999999997E-2,0.70 ± 0.03,7.6 ± 0.3,113/400 (91),33 ± 3,10.9,±,0.6,(0.5),-0.60,<1,0.28 ± 0.02,0.27 ± 0.01,0.043,0.62 ± 0.03,7.6 ± 0.3,113/400 (91),33 ± 3,12.3 ± 0.7,NA,NA,NA,100.35545676651351,NA,NA,NA,NA,NA,NA,NA,-1.770398953483308,NA,NA,NA,NA,NA,NA,NA,NA,-0.33775623348648764,12.3,0.7,10.9,0.6
NE1,-0.3,2.8,0.34 ± 0.02,0.37 ± 0.02,4.3999999999999997E-2,0.78 ± 0.03,0.6 ± 0.1,93/400 (93),94 ± 6,0.80,±,0.09,(0.08),-0.30,2.8,0.34 ± 0.02,0.29 ± 0.01,0.044,0.70 ± 0.03,0.6 ± 0.1#,93/400 (93),94 ± 6,0.89 ± 0.10,NA,NA,NA,100.45042226238901,NA,NA,NA,NA,NA,NA,NA,-1.73586604589222,NA,NA,NA,NA,NA,NA,NA,NA,-0.24279073761098857,0.89,0.1,0.8,0.09
